Sensitive Attribute,Group Comparison,Demographic Parity Difference,Equal Opportunity Difference
sex,F vs M,0.04411346172089936,0.0012499999999999734
Medu,0 vs 4,0.1964285714285714,0.022222222222222254
